City_ID,City,Country,Lat,Lng,Max Temp,Humidity,Cloudiness,Wind Speed,Current Description,Rain (inches),Snow (inches)
0,Kralendijk,BQ,12.15,-68.27,82.4,83,1,13.87,clear sky,0.0,0.0
1,Puerto Lumbreras,ES,37.56,-1.81,70.0,48,0,1.01,clear sky,0.0,0.0
2,Belaya Gora,RU,68.53,146.42,50.77,74,100,9.26,overcast clouds,0.0,0.0
3,Rodeo,US,38.03,-122.27,71.01,49,1,14.99,clear sky,0.0,0.0
4,Ushuaia,AR,-54.8,-68.3,35.6,80,22,16.11,few clouds,0.0,0.0
5,Ribeira Grande,PT,38.52,-28.7,68.22,88,2,10.83,clear sky,0.0,0.0
6,Mataura,NZ,-46.19,168.86,44.31,89,83,8.19,light rain,0.0,0.0
7,Namtsy,RU,62.72,129.67,71.6,40,84,4.47,broken clouds,0.0,0.0
8,Lagoa,PT,39.05,-27.98,67.37,90,8,10.78,clear sky,0.0,0.0
9,Beinamar,TD,8.67,15.38,71.53,94,100,5.99,light rain,0.0,0.0
10,Geraldton,AU,-28.77,114.6,60.8,77,2,6.93,clear sky,0.0,0.0
11,Hermanus,ZA,-34.42,19.23,57.0,71,81,4.0,broken clouds,0.0,0.0
12,Busselton,AU,-33.65,115.33,55.0,90,100,5.01,light rain,0.0,0.0
13,Mount Isa,AU,-20.73,139.5,73.4,17,0,8.05,clear sky,0.0,0.0
14,Gravdal,NO,68.12,13.5,48.88,85,100,8.86,overcast clouds,0.0,0.0
15,Bluff,NZ,-46.6,168.33,46.18,84,89,20.94,light rain,0.0,0.0
16,Tiksi,RU,71.69,128.87,37.72,88,92,5.77,overcast clouds,0.0,0.0
17,Mizdah,LY,31.45,12.98,68.05,49,0,7.34,clear sky,0.0,0.0
18,Kapaa,US,22.08,-159.32,82.4,65,1,12.75,clear sky,0.0,0.0
19,Port Alfred,ZA,-33.59,26.89,62.01,80,25,10.0,scattered clouds,0.0,0.0
20,Safford,US,32.83,-109.71,102.2,8,1,20.8,clear sky,0.0,0.0
21,Vardo,NO,70.37,31.11,48.2,87,75,11.41,shower rain,0.0,0.0
22,Vaini,TO,-21.2,-175.2,78.8,83,75,9.17,broken clouds,0.0,0.0
23,Jamestown,US,42.1,-79.24,75.2,69,1,3.36,clear sky,0.0,0.0
24,Qaanaaq,GL,77.48,-69.36,44.02,60,0,0.56,clear sky,0.0,0.0
25,Noumea,NC,-22.28,166.46,71.6,60,73,2.24,broken clouds,0.0,0.0
26,Verkhoyansk,RU,67.54,133.38,67.15,35,6,7.0,clear sky,0.0,0.0
27,Bambous Virieux,MU,-20.34,57.76,73.4,94,40,5.82,shower rain,0.0,0.0
28,Atuona,PF,-9.8,-139.03,79.97,71,4,11.9,clear sky,0.0,0.0
29,Bengkulu,ID,-3.8,102.27,86.9,57,79,4.32,broken clouds,0.0,0.0
30,Punta Arenas,CL,-53.15,-70.92,26.6,92,13,2.24,few clouds,0.0,0.0
31,Arraial Do Cabo,BR,-22.97,-42.03,71.76,89,0,11.83,clear sky,0.0,0.0
32,Winnemucca,US,40.97,-117.74,91.4,4,1,13.87,clear sky,0.0,0.0
33,Rikitea,PF,-23.12,-134.97,73.44,83,98,12.66,overcast clouds,0.0,0.0
34,Mahebourg,MU,-20.41,57.7,73.4,94,40,5.82,shower rain,0.0,0.0
35,Carnarvon,AU,-24.87,113.63,68.0,45,72,13.87,broken clouds,0.0,0.0
36,Grand-Lahou,CI,5.14,-5.02,75.38,88,100,8.84,overcast clouds,0.0,0.0
37,Cunduacan,MX,18.07,-93.17,84.2,79,75,8.05,broken clouds,0.0,0.0
38,Mehamn,NO,71.04,27.85,46.4,87,90,13.87,overcast clouds,0.0,0.0
39,Puerto Ayora,EC,-0.74,-90.35,69.01,93,100,1.01,overcast clouds,0.0,0.0
40,Fortuna,US,40.6,-124.16,59.0,76,90,9.17,overcast clouds,0.0,0.0
41,Albany,US,42.6,-73.97,70.0,56,0,5.28,clear sky,0.0,0.0
42,New Norfolk,AU,-42.78,147.06,50.0,76,0,1.45,clear sky,0.0,0.0
43,Hobart,AU,-42.88,147.33,50.0,57,75,10.29,broken clouds,0.0,0.0
44,Alofi,NU,-19.06,-169.92,78.8,74,75,13.87,broken clouds,0.0,0.0
45,Hilo,US,19.73,-155.09,80.6,65,90,8.05,overcast clouds,0.0,0.0
46,Georgetown,MY,5.41,100.34,84.2,88,20,2.24,few clouds,0.0,0.0
47,Barrow,US,71.29,-156.79,37.4,86,90,16.11,overcast clouds,0.0,0.0
48,Dunedin,NZ,-45.87,170.5,46.99,79,100,4.0,overcast clouds,0.0,0.0
49,Katsuura,JP,35.13,140.3,84.0,88,75,35.57,light intensity shower rain,0.0,0.0
50,Yellowknife,CA,62.46,-114.35,64.4,42,40,21.92,scattered clouds,0.0,0.0
51,Titlagarh,IN,20.3,83.15,78.91,82,99,5.88,overcast clouds,0.0,0.0
52,Kerman,IR,30.28,57.08,73.4,43,0,3.56,clear sky,0.0,0.0
53,Aklavik,CA,68.22,-135.01,50.0,76,75,6.93,broken clouds,0.0,0.0
54,Karratha,AU,-20.74,116.85,78.73,18,0,18.03,clear sky,0.0,0.0
55,Russell,US,32.35,-85.2,78.8,88,75,1.79,broken clouds,0.0,0.0
56,Darhan,MN,49.49,105.92,81.61,41,33,8.72,scattered clouds,0.0,0.0
57,San Vicente,AR,-26.62,-54.13,60.73,100,96,1.74,light rain,0.0,0.0
58,Bucerias,MX,20.75,-105.33,86.0,79,90,8.05,overcast clouds,0.0,0.0
59,Sheltozero,RU,61.37,35.37,58.95,84,70,5.84,broken clouds,0.0,0.0
60,Saint George,US,37.1,-113.58,98.01,3,1,16.11,clear sky,0.0,0.0
61,Nioro,GM,13.35,-15.75,79.5,82,72,5.19,broken clouds,0.0,0.0
62,Chokurdakh,RU,70.63,147.92,41.29,92,99,11.03,light rain,0.0,0.0
63,Hobyo,SO,5.35,48.53,77.99,75,100,15.28,overcast clouds,0.0,0.0
64,Pevek,RU,69.7,170.31,47.57,68,84,8.88,broken clouds,0.0,0.0
65,Melaka,MY,2.2,102.24,82.4,78,20,1.12,few clouds,0.0,0.0
66,Tuatapere,NZ,-46.13,167.68,44.28,86,100,15.08,moderate rain,0.0,0.0
67,Luderitz,NA,-26.65,15.16,53.6,81,93,10.29,overcast clouds,0.0,0.0
68,Basco,PH,20.45,121.97,84.81,79,99,17.05,overcast clouds,0.0,0.0
69,Douentza,ML,15.0,-2.95,90.0,36,23,12.35,few clouds,0.0,0.0
70,Xai-Xai,MZ,-25.05,33.64,58.33,80,0,10.78,clear sky,0.0,0.0
71,Zeerust,ZA,-25.54,26.08,42.8,35,0,6.93,clear sky,0.0,0.0
72,Saint-Philippe,RE,-21.36,55.77,71.6,94,90,17.22,overcast clouds,0.0,0.0
73,Payakumbuh,ID,-0.22,100.63,81.61,63,85,3.85,overcast clouds,0.0,0.0
74,Kavieng,PG,-2.57,150.8,84.22,76,70,12.06,light rain,0.0,0.0
75,Gilgit,PK,35.92,74.31,78.94,24,0,2.71,clear sky,0.0,0.0
76,Ipixuna,BR,-1.76,-48.8,77.0,94,20,4.7,few clouds,0.0,0.0
77,Codrington,AU,-38.27,141.97,56.21,65,89,3.22,overcast clouds,0.0,0.0
78,Provideniya,RU,64.38,-173.3,44.6,93,90,8.95,fog,0.0,0.0
79,Mar Del Plata,AR,-38.0,-57.56,45.0,75,90,4.7,overcast clouds,0.0,0.0
80,Riviere-Au-Renard,CA,49.0,-64.4,51.8,93,5,4.99,clear sky,0.0,0.0
81,Port Lincoln,AU,-34.73,135.87,55.22,63,3,11.52,clear sky,0.0,0.0
82,Dingle,PH,11.0,122.67,87.87,67,37,10.27,scattered clouds,0.0,0.0
83,Castro,BR,-24.79,-50.01,58.59,96,79,6.51,broken clouds,0.0,0.0
84,Chara,RU,56.91,118.26,63.68,50,100,2.53,overcast clouds,0.0,0.0
85,Padang,ID,-0.95,100.35,85.78,59,40,3.42,scattered clouds,0.0,0.0
86,Rosarito,MX,32.33,-117.03,75.2,73,20,6.93,few clouds,0.0,0.0
87,Acapulco,MX,16.86,-99.89,84.2,79,90,3.94,overcast clouds,0.0,0.0
88,Khatanga,RU,71.97,102.5,50.81,65,93,15.37,overcast clouds,0.0,0.0
89,Hithadhoo,MV,-0.6,73.08,84.16,74,100,16.22,overcast clouds,0.0,0.0
90,Soverato,IT,38.69,16.55,73.4,94,8,5.82,clear sky,0.0,0.0
91,Victoria,HK,22.29,114.16,91.99,70,99,5.99,overcast clouds,0.0,0.0
92,Avera,US,33.19,-82.53,75.2,92,90,9.17,light rain,0.0,0.0
93,Souillac,MU,-20.52,57.52,73.4,94,75,9.17,light intensity shower rain,0.0,0.0
94,Kloulklubed,PW,7.04,134.26,84.2,74,75,5.82,broken clouds,0.0,0.0
95,Volterra,IT,43.4,10.86,72.0,85,0,2.84,clear sky,0.0,0.0
96,Gondanglegi,ID,-7.75,112.01,82.09,69,68,5.1,broken clouds,0.0,0.0
97,Asau,RO,46.43,26.4,64.99,81,61,4.56,broken clouds,0.0,0.0
98,Gambela,ET,8.25,34.58,69.6,95,82,2.28,moderate rain,0.0,0.0
99,Scottsboro,US,34.67,-86.03,77.0,100,90,4.7,overcast clouds,0.0,0.0
100,Kijang,KR,35.24,129.21,78.8,74,20,16.11,few clouds,0.0,0.0
101,Sosua,DO,19.77,-70.52,82.99,74,75,11.79,broken clouds,0.0,0.0
102,Kodiak,US,57.79,-152.41,53.6,93,90,3.36,moderate rain,0.0,0.0
103,Kibre Mengist,ET,5.88,38.98,57.42,91,100,4.32,light rain,0.0,0.0
104,San Quintin,MX,30.48,-115.95,68.88,73,0,10.38,clear sky,0.0,0.0
105,Bhan,PK,26.56,67.72,96.85,38,98,6.58,overcast clouds,0.0,0.0
106,Khandyga,RU,62.67,135.6,74.68,40,7,1.92,light rain,0.0,0.0
107,Dalbandin,PK,28.89,64.41,88.57,30,0,5.35,clear sky,0.0,0.0
108,Bilibino,RU,68.05,166.44,61.23,42,95,5.26,overcast clouds,0.0,0.0
109,Taos,US,36.41,-105.57,77.0,29,1,11.41,clear sky,0.0,0.0
110,Karla,EE,59.37,24.93,57.99,87,33,9.17,scattered clouds,0.0,0.0
111,Sassandra,CI,4.95,-6.08,73.78,88,100,6.38,overcast clouds,0.0,0.0
112,Arona,ES,28.1,-16.68,77.0,88,0,8.05,clear sky,0.0,0.0
113,Mantua,IT,45.17,10.78,71.01,84,30,8.99,scattered clouds,0.0,0.0
114,Cape Town,ZA,-33.93,18.42,57.0,66,75,5.82,broken clouds,0.0,0.0
115,Bereda,ES,43.27,-7.54,59.0,97,80,11.99,broken clouds,0.0,0.0
116,San Patricio,MX,19.22,-104.7,86.0,79,40,11.41,scattered clouds,0.0,0.0
117,Boyolangu,ID,-8.12,111.89,80.65,74,79,9.4,broken clouds,0.0,0.0
118,Galich,RU,58.38,42.35,69.1,82,0,5.86,clear sky,0.0,0.0
119,Santa Cruz,BO,-17.8,-63.17,62.6,72,75,6.93,broken clouds,0.0,0.0
120,Urumqi,CN,43.8,87.6,71.6,60,100,11.18,overcast clouds,0.0,0.0
121,Aripuana,BR,-9.17,-60.63,75.27,63,6,1.57,clear sky,0.0,0.0
122,San Cristobal,VE,7.77,-72.22,66.06,79,70,1.01,broken clouds,0.0,0.0
123,Salalah,OM,17.02,54.09,82.4,83,90,3.36,overcast clouds,0.0,0.0
124,Del Rio,US,29.36,-100.9,96.8,32,1,11.41,clear sky,0.0,0.0
125,East London,ZA,-33.02,27.91,59.0,67,44,25.28,scattered clouds,0.0,0.0
126,Itarema,BR,-2.92,-39.92,75.67,90,47,7.11,scattered clouds,0.0,0.0
127,Coquimbo,CL,-29.95,-71.34,53.6,87,93,3.36,overcast clouds,0.0,0.0
128,Chuy,UY,-33.7,-53.46,45.55,85,94,5.17,overcast clouds,0.0,0.0
129,Caravelas,BR,-17.71,-39.25,70.83,91,7,3.13,clear sky,0.0,0.0
130,Avarua,CK,-21.21,-159.78,73.4,78,97,14.99,overcast clouds,0.0,0.0
131,Novopavlovka,RU,51.22,109.21,84.27,23,0,4.36,clear sky,0.0,0.0
132,Bandarbeyla,SO,9.49,50.81,80.6,58,1,27.81,clear sky,0.0,0.0
133,Muli,MV,2.92,73.57,84.09,69,100,8.95,overcast clouds,0.0,0.0
134,Kaeo,NZ,-35.1,173.78,59.0,18,7,13.0,clear sky,0.0,0.0
135,Kaitangata,NZ,-46.28,169.85,46.99,73,97,11.01,overcast clouds,0.0,0.0
136,Potosi,BO,-19.58,-65.75,38.82,68,0,4.29,clear sky,0.0,0.0
137,Bredasdorp,ZA,-34.53,20.04,55.4,76,52,9.17,broken clouds,0.0,0.0
138,Uige,AO,-7.61,15.06,58.26,75,70,2.64,broken clouds,0.0,0.0
139,Banepa,NP,27.63,85.52,73.4,88,75,2.24,broken clouds,0.0,0.0
140,Upernavik,GL,72.79,-56.15,42.13,70,93,9.78,overcast clouds,0.0,0.0
141,Aasiaat,GL,68.71,-52.87,39.76,89,99,6.76,overcast clouds,0.0,0.0
142,Katobu,ID,-4.94,122.53,81.45,82,28,7.99,moderate rain,0.0,0.0
143,Chipinge,ZW,-20.19,32.62,47.34,58,0,2.39,clear sky,0.0,0.0
144,Hirara,JP,24.8,125.28,91.4,70,75,20.8,broken clouds,0.0,0.0
145,Palatka,US,29.65,-81.64,75.99,94,90,4.7,overcast clouds,0.0,0.0
146,Hasaki,JP,35.73,140.83,84.2,74,75,20.8,broken clouds,0.0,0.0
147,Impfondo,CG,1.64,18.07,70.23,89,85,1.36,overcast clouds,0.0,0.0
148,Port Hardy,CA,50.7,-127.42,59.0,72,90,8.05,overcast clouds,0.0,0.0
149,Nalut,LY,30.33,10.85,70.47,44,0,8.08,clear sky,0.0,0.0
150,Cabo San Lucas,MX,22.89,-109.91,91.4,54,40,13.87,scattered clouds,0.0,0.0
151,Hamilton,US,39.18,-84.53,73.0,94,1,4.7,mist,0.0,0.0
152,Arica,CL,-18.48,-70.3,56.57,80,31,3.47,scattered clouds,0.0,0.0
153,Baherden,TM,38.44,57.43,85.87,15,0,4.5,clear sky,0.0,0.0
154,Lebu,CL,-37.62,-73.65,43.65,74,78,5.53,broken clouds,0.0,0.0
155,Korla,CN,41.76,86.15,85.51,18,99,4.92,overcast clouds,0.0,0.0
156,Nikolskoye,RU,59.7,30.79,61.0,82,74,2.24,broken clouds,0.0,0.0
157,Egvekinot,RU,66.32,-179.17,42.44,93,99,3.44,light rain,0.0,0.0
158,Dikson,RU,73.51,80.55,50.5,63,11,15.1,few clouds,0.0,0.0
159,Alekseyevsk,RU,57.84,108.35,72.3,45,56,6.33,broken clouds,0.0,0.0
160,Gat,IL,31.61,34.76,73.99,93,3,5.01,clear sky,0.0,0.0
161,Trofors,NO,65.53,13.41,46.4,93,100,4.7,overcast clouds,0.0,0.0
162,Mengyin,CN,35.71,117.93,88.79,39,0,9.53,clear sky,0.0,0.0
163,San Rafael,AR,-34.62,-68.33,42.24,66,89,5.75,overcast clouds,0.0,0.0
164,Clonakilty,IE,51.62,-8.87,52.0,93,78,6.93,broken clouds,0.0,0.0
165,Butaritari,KI,3.07,172.79,83.71,75,15,12.33,few clouds,0.0,0.0
166,Panambi,BR,-28.29,-53.5,50.85,93,99,16.69,moderate rain,0.0,0.0
167,Lompoc,US,34.64,-120.46,62.6,67,0,18.34,clear sky,0.0,0.0
168,Mamou,GN,10.5,-12.0,67.26,95,100,2.01,overcast clouds,0.0,0.0
169,Lexington,US,37.99,-84.48,77.0,69,1,13.87,clear sky,0.0,0.0
170,Te Anau,NZ,-45.42,167.72,44.92,77,96,3.4,overcast clouds,0.0,0.0
171,Torbay,CA,47.67,-52.73,50.0,87,75,3.36,broken clouds,0.0,0.0
172,Broken Hill,AU,-31.95,141.43,50.0,61,90,10.29,overcast clouds,0.0,0.0
173,La Ronge,CA,55.1,-105.28,69.8,46,20,8.05,few clouds,0.0,0.0
174,Bilma,NE,18.69,12.92,84.94,14,53,8.68,broken clouds,0.0,0.0
175,Perth,AU,-31.93,115.83,64.99,72,40,3.36,scattered clouds,0.0,0.0
176,Muros,ES,42.78,-9.06,63.0,78,0,7.0,clear sky,0.0,0.0
177,Isangel,VU,-19.55,169.27,73.4,78,90,11.92,overcast clouds,0.0,0.0
178,Leningradskiy,RU,69.38,178.42,46.44,74,100,4.92,overcast clouds,0.0,0.0
179,Conceicao Do Araguaia,BR,-8.26,-49.26,78.8,57,0,4.7,clear sky,0.0,0.0
180,Bethel,US,41.37,-73.41,70.0,88,40,4.7,scattered clouds,0.0,0.0
181,Talegaon Dabhade,IN,18.72,73.68,75.69,85,100,15.21,light rain,0.0,0.0
182,Vresina,CZ,49.82,18.13,57.2,67,100,5.82,overcast clouds,0.0,0.0
183,Ginir,ET,7.13,40.7,56.35,92,96,7.2,overcast clouds,0.0,0.0
184,Boundiali,CI,9.52,-6.49,72.21,88,54,2.17,light rain,0.0,0.0
185,Havre-Saint-Pierre,CA,50.23,-63.6,55.4,87,1,6.93,clear sky,0.0,0.0
186,Atherton,GB,53.52,-2.49,55.0,83,99,1.01,overcast clouds,0.0,0.0
187,Qaqortoq,GL,60.72,-46.03,46.4,70,82,3.36,broken clouds,0.0,0.0
188,Kosh-Agach,RU,50.0,88.67,56.57,62,79,0.83,broken clouds,0.0,0.0
189,Migori,KE,-1.06,34.47,63.77,71,98,3.78,overcast clouds,0.0,0.0
190,Cherskiy,RU,68.75,161.3,65.98,44,34,14.81,scattered clouds,0.0,0.0
191,General Roca,AR,-39.03,-67.58,39.2,93,75,8.05,light intensity drizzle,0.0,0.0
192,Doha,QA,25.29,51.53,96.01,66,0,2.24,clear sky,0.0,0.0
193,Nanortalik,GL,60.14,-45.24,40.42,83,91,1.61,overcast clouds,0.0,0.0
194,Northam,GB,51.03,-4.22,53.01,94,5,5.99,clear sky,0.0,0.0
195,Lashio,MM,22.93,97.75,77.23,83,100,3.49,light rain,0.0,0.0
196,Faanui,PF,-16.48,-151.75,78.69,79,37,13.11,scattered clouds,0.0,0.0
197,Ponta Do Sol,PT,32.67,-17.1,69.8,77,20,3.22,few clouds,0.0,0.0
198,Hambantota,LK,6.12,81.12,84.2,79,20,9.17,few clouds,0.0,0.0
199,Norman Wells,CA,65.28,-126.83,53.6,71,90,9.17,shower rain,0.0,0.0
200,Kupang,ID,-10.17,123.58,84.2,58,40,23.04,scattered clouds,0.0,0.0
201,Conguaco,GT,14.04,-90.03,62.73,100,100,1.95,overcast clouds,0.0,0.0
202,Silver City,US,32.77,-108.28,84.99,18,1,4.81,clear sky,0.0,0.0
203,Willowmore,ZA,-33.29,23.49,42.8,84,37,4.83,scattered clouds,0.0,0.0
204,Umm Lajj,SA,25.02,37.27,79.74,55,89,3.91,overcast clouds,0.0,0.0
205,Lumphat,KH,13.49,106.98,84.69,71,10,4.05,clear sky,0.0,0.0
206,Beyneu,KZ,45.32,55.2,89.74,18,0,3.74,clear sky,0.0,0.0
207,Destin,US,30.39,-86.5,82.0,83,20,5.82,light rain,0.0,0.0
208,College,US,64.86,-147.8,73.99,53,75,4.7,shower rain,0.0,0.0
209,Irece,BR,-11.3,-41.86,62.96,86,0,11.52,clear sky,0.0,0.0
210,Moramanga,MG,-18.93,48.2,51.85,96,57,3.58,broken clouds,0.0,0.0
211,Teguldet,RU,57.31,88.17,61.03,92,100,3.11,light rain,0.0,0.0
212,Sagaing,MM,21.88,95.98,87.8,66,40,8.05,scattered clouds,0.0,0.0
213,Bela,IN,25.93,81.98,78.4,89,100,8.46,moderate rain,0.0,0.0
214,Tura,IN,25.52,90.22,84.11,73,24,6.24,few clouds,0.0,0.0
215,Delmas,ZA,-26.15,28.68,46.0,64,0,1.12,clear sky,0.0,0.0
216,Lahij,YE,13.17,44.58,82.65,59,34,2.48,scattered clouds,0.0,0.0
217,Rawson,AR,-43.3,-65.1,39.51,73,0,11.3,clear sky,0.0,0.0
218,Funtua,NG,11.52,7.31,74.8,63,100,3.4,overcast clouds,0.0,0.0
219,Bahia Blanca,AR,-38.72,-62.27,39.13,77,42,3.42,scattered clouds,0.0,0.0
220,Chongoyape,PE,-6.64,-79.39,68.52,70,100,2.71,light rain,0.0,0.0
221,Pisco,PE,-13.7,-76.22,60.01,87,20,5.82,few clouds,0.0,0.0
222,Tautira,PF,-17.73,-149.15,80.6,74,75,5.82,shower rain,0.0,0.0
223,Bathsheba,BB,13.22,-59.52,80.6,83,75,20.8,broken clouds,0.0,0.0
224,Hami,CN,42.8,93.45,89.42,20,30,13.6,scattered clouds,0.0,0.0
225,Sri Aman,MY,1.24,111.46,82.4,88,20,2.24,few clouds,0.0,0.0
226,Bowling Green,US,36.99,-86.44,80.6,78,1,3.22,clear sky,0.0,0.0
227,Ostrovnoy,RU,68.05,39.51,55.27,81,46,27.2,scattered clouds,0.0,0.0
228,Kyabe,TD,9.45,18.94,72.27,93,100,4.03,overcast clouds,0.0,0.0
229,Touros,BR,-5.2,-35.46,71.6,100,75,3.36,broken clouds,0.0,0.0
230,Roanoke Rapids,US,36.46,-77.65,77.0,94,1,3.36,clear sky,0.0,0.0
231,Lavrentiya,RU,65.58,-171.0,48.31,80,29,10.51,scattered clouds,0.0,0.0
232,Meulaboh,ID,4.14,96.13,84.33,66,99,1.48,overcast clouds,0.0,0.0
233,Comodoro Rivadavia,AR,-45.87,-67.5,33.8,80,1,2.24,clear sky,0.0,0.0
234,Ahuimanu,US,21.44,-157.84,84.2,58,40,11.41,scattered clouds,0.0,0.0
235,Broome,US,42.25,-75.83,69.8,77,1,9.17,clear sky,0.0,0.0
236,Saldanha,ZA,-33.01,17.94,53.6,87,55,5.82,broken clouds,0.0,0.0
237,Komsomolskiy,UZ,40.43,71.72,78.8,27,0,2.24,clear sky,0.0,0.0
238,Kismayo,SO,-0.36,42.55,77.31,80,75,15.21,broken clouds,0.0,0.0
239,Concarneau,FR,47.88,-3.92,48.2,93,0,2.24,clear sky,0.0,0.0
240,Auki,SB,-8.77,160.7,85.12,68,18,3.96,light rain,0.0,0.0
241,Lenger,KZ,42.18,69.88,77.0,41,0,1.48,clear sky,0.0,0.0
242,Scarborough,GB,54.28,-0.4,48.99,82,100,1.99,overcast clouds,0.0,0.0
243,Manyana,BW,-23.4,21.72,48.45,43,0,7.85,clear sky,0.0,0.0
244,Tanout,NE,14.97,8.89,81.9,57,28,18.45,scattered clouds,0.0,0.0
245,Kachug,RU,53.96,105.88,81.79,48,73,1.72,broken clouds,0.0,0.0
246,Townsville,AU,-19.25,146.8,75.2,60,75,16.11,broken clouds,0.0,0.0
247,Gushikawa,JP,26.35,127.87,89.6,70,40,18.34,scattered clouds,0.0,0.0
248,Mazyr,BY,52.05,29.25,65.25,90,7,4.52,clear sky,0.0,0.0
249,Lodwar,KE,3.12,35.6,80.26,50,92,9.98,overcast clouds,0.0,0.0
250,Great Falls,US,47.5,-111.3,77.0,38,1,10.29,clear sky,0.0,0.0
251,Fort Saint James,CA,54.43,-124.25,64.45,58,99,1.9,overcast clouds,0.0,0.0
252,Tezu,IN,27.92,96.17,78.66,85,99,1.07,light rain,0.0,0.0
253,Ketchikan,US,55.34,-131.65,60.8,72,90,8.05,overcast clouds,0.0,0.0
254,Santiago,CL,-33.46,-70.65,46.4,87,100,2.24,overcast clouds,0.0,0.0
255,Clyde River,CA,70.47,-68.59,39.2,93,90,6.93,overcast clouds,0.0,0.0
256,Esperance,AU,-33.87,121.9,55.4,76,0,18.34,clear sky,0.0,0.0
257,Beidao,CN,34.57,105.89,88.57,27,1,3.49,clear sky,0.0,0.0
258,Mingguang,CN,32.78,117.96,90.61,65,42,7.38,scattered clouds,0.0,0.0
259,Balikpapan,ID,-1.27,116.83,77.0,100,40,6.93,scattered clouds,0.0,0.0
260,Loreto,MX,22.27,-101.97,71.29,42,59,18.52,broken clouds,0.0,0.0
261,Yulara,AU,-25.24,130.99,57.2,41,0,11.41,clear sky,0.0,0.0
262,Adrar,MR,20.5,-10.07,88.54,34,0,11.83,clear sky,0.0,0.0
263,Lazaro Cardenas,MX,17.96,-102.2,81.01,76,96,1.63,overcast clouds,0.0,0.0
264,Yatou,CN,37.15,122.38,75.04,78,31,12.12,scattered clouds,0.0,0.0
265,Laguna,US,38.42,-121.42,78.8,33,1,9.17,clear sky,0.0,0.0
266,Westport,US,41.14,-73.36,70.0,89,100,10.49,overcast clouds,0.0,0.0
267,Hutchinson,US,38.06,-97.93,78.01,83,1,3.36,clear sky,0.0,0.0
268,Wladyslawowo,PL,54.79,18.4,55.99,78,52,5.01,broken clouds,0.0,0.0
269,Klaksvik,FO,62.23,-6.59,44.6,81,100,16.11,overcast clouds,0.0,0.0
270,At-Bashi,KG,41.17,75.81,60.21,33,0,1.3,clear sky,0.0,0.0
271,Namibe,AO,-15.2,12.15,67.35,67,0,6.26,clear sky,0.0,0.0
272,Usolye-Sibirskoye,RU,52.75,103.65,83.48,47,0,2.89,clear sky,0.0,0.0
273,Pareora,NZ,-44.49,171.21,53.01,56,100,3.0,overcast clouds,0.0,0.0
274,Yumen,CN,40.28,97.2,85.87,14,64,7.72,broken clouds,0.0,0.0
275,Nabire,ID,-3.37,135.48,85.62,60,100,3.78,overcast clouds,0.0,0.0
276,Magaria,NE,13.0,8.91,80.74,59,51,9.04,broken clouds,0.0,0.0
277,Constitucion,CL,-35.33,-72.42,48.99,72,98,2.77,overcast clouds,0.0,0.0
278,Narsaq,GL,60.92,-46.05,46.4,70,93,3.36,overcast clouds,0.0,0.0
279,Zhigansk,RU,66.77,123.37,49.12,73,100,9.98,overcast clouds,0.0,0.0
280,Viedma,AR,-40.81,-63.0,37.33,79,0,4.38,clear sky,0.0,0.0
281,Puerto Leguizamo,CO,-0.19,-74.78,72.9,96,98,1.88,overcast clouds,0.0,0.0
282,Orodara,BF,10.95,-4.93,78.8,88,70,9.17,broken clouds,0.0,0.0
283,Tiarei,PF,-17.53,-149.33,80.6,74,75,5.82,shower rain,0.0,0.0
284,Vao,NC,-22.67,167.48,69.71,73,100,12.24,light rain,0.0,0.0
285,Malindi,KE,-3.22,40.12,76.51,84,78,16.78,broken clouds,0.0,0.0
286,Badiraguato,MX,25.37,-107.52,86.0,56,100,3.0,overcast clouds,0.0,0.0
287,Bemidji,US,47.47,-94.88,69.8,77,1,4.63,clear sky,0.0,0.0
288,Sao Filipe,CV,14.9,-24.5,73.72,82,68,7.38,broken clouds,0.0,0.0
289,Namatanai,PG,-3.67,152.43,83.39,75,24,8.14,moderate rain,0.0,0.0
290,Nadym,RU,65.53,72.52,74.1,52,97,6.89,overcast clouds,0.0,0.0
291,Tyukhtet,RU,56.54,89.3,68.38,77,38,6.98,scattered clouds,0.0,0.0
292,Nizhniy Kuranakh,RU,58.84,125.49,72.7,39,13,2.1,few clouds,0.0,0.0
293,Kibala,TD,9.11,18.35,72.07,92,100,2.8,overcast clouds,0.0,0.0
294,La Troncal,EC,-2.4,-79.33,73.4,87,83,1.79,broken clouds,0.0,0.0
295,Half Moon Bay,US,37.46,-122.43,64.99,76,20,20.8,few clouds,0.0,0.0
296,Port Hedland,AU,-20.32,118.57,80.6,10,0,18.34,clear sky,0.0,0.0
297,Husavik,IS,66.04,-17.34,35.6,100,0,1.74,clear sky,0.0,0.0
298,Joshimath,IN,30.57,79.57,72.79,44,4,3.31,clear sky,0.0,0.0
299,Mount Gambier,AU,-37.83,140.77,53.6,76,90,2.24,overcast clouds,0.0,0.0
300,Sosnovo-Ozerskoye,RU,52.52,111.54,78.49,33,9,9.08,clear sky,0.0,0.0
301,Itacarambi,BR,-15.1,-44.09,72.7,57,96,2.86,overcast clouds,0.0,0.0
302,Port Elizabeth,ZA,-33.92,25.57,60.8,72,42,23.04,scattered clouds,0.0,0.0
303,Bolivar,US,37.61,-93.41,80.01,79,1,3.44,clear sky,0.0,0.0
304,Tucuma,BR,-0.18,-50.05,75.83,91,32,5.91,light rain,0.0,0.0
305,Port Blair,IN,11.67,92.75,83.68,79,100,9.86,moderate rain,0.0,0.0
306,Havoysund,NO,71.0,24.66,46.4,93,75,20.8,broken clouds,0.0,0.0
307,Carutapera,BR,-1.2,-46.02,75.96,91,58,4.45,broken clouds,0.0,0.0
308,Saint-Augustin,CA,51.23,-58.65,58.01,71,59,7.76,broken clouds,0.0,0.0
309,Poum,NC,-20.23,164.02,70.65,65,100,5.91,overcast clouds,0.0,0.0
310,Shimoda,JP,34.67,138.95,82.4,88,75,24.16,broken clouds,0.0,0.0
311,Lufilufi,WS,-13.87,-171.6,82.92,76,13,16.53,few clouds,0.0,0.0
312,Fort Wellington,GY,6.4,-57.6,78.89,86,79,9.46,light rain,0.0,0.0
313,Severo-Kurilsk,RU,50.68,156.12,56.62,78,19,6.42,few clouds,0.0,0.0
314,Agboville,CI,5.93,-4.21,71.37,98,99,2.04,overcast clouds,0.0,0.0
315,Praxedis Guerrero,MX,31.37,-106.02,90.0,27,75,14.99,broken clouds,0.0,0.0
316,Thompson,CA,55.74,-97.86,66.2,63,20,5.82,few clouds,0.0,0.0
317,Lakatoro,VU,-16.1,167.42,80.6,78,90,8.05,overcast clouds,0.0,0.0
318,Manoel Urbano,BR,-8.84,-69.26,72.32,93,90,2.06,overcast clouds,0.0,0.0
319,Morondava,MG,-20.28,44.28,67.42,60,0,10.13,clear sky,0.0,0.0
320,Santa Isabel Do Rio Negro,BR,-0.41,-65.02,71.53,97,66,0.83,broken clouds,0.0,0.0
321,Sorland,NO,67.67,12.69,49.17,81,100,12.64,overcast clouds,0.0,0.0
322,Luwuk,ID,-0.95,122.79,82.92,69,64,8.68,light rain,0.0,0.0
323,Fengkou,CN,30.08,113.27,81.27,90,100,4.99,light rain,0.0,0.0
324,Mogadishu,SO,2.04,45.34,78.08,83,87,17.11,overcast clouds,0.0,0.0
325,Ekibastuz,KZ,51.67,75.37,71.82,51,96,6.08,overcast clouds,0.0,0.0
326,Alugan,PH,12.22,125.48,86.32,67,5,7.4,clear sky,0.0,0.0
327,Lewistown,US,40.6,-77.57,77.0,78,20,2.91,few clouds,0.0,0.0
328,Chifeng,CN,42.27,118.96,77.9,25,0,12.84,clear sky,0.0,0.0
329,Tasiilaq,GL,65.61,-37.64,37.4,93,2,6.93,clear sky,0.0,0.0
330,Yazman,PK,29.12,71.74,99.21,34,58,8.84,broken clouds,0.0,0.0
331,Quatre Cocos,MU,-20.21,57.76,73.4,94,75,9.17,light intensity shower rain,0.0,0.0
332,Bintulu,MY,3.17,113.03,78.8,94,20,2.24,few clouds,0.0,0.0
333,Qasigiannguit,GL,68.82,-51.19,51.8,50,100,21.92,overcast clouds,0.0,0.0
334,Grindavik,IS,63.84,-22.43,46.4,93,90,3.36,overcast clouds,0.0,0.0
335,Henties Bay,NA,-22.12,14.28,53.01,94,0,10.0,clear sky,0.0,0.0
336,Bonoua,CI,5.27,-3.6,77.0,94,75,5.82,broken clouds,0.0,0.0
337,Okhotsk,RU,59.38,143.3,56.53,71,94,9.28,overcast clouds,0.0,0.0
338,Lewisporte,CA,49.25,-55.05,57.0,93,20,6.93,few clouds,0.0,0.0
339,Vila Franca Do Campo,PT,37.72,-25.43,66.2,93,75,10.29,light intensity shower rain,0.0,0.0
340,Long Eaton,GB,52.9,-1.27,53.6,81,20,9.17,few clouds,0.0,0.0
341,Thinadhoo,MV,0.53,72.93,83.62,78,94,12.71,overcast clouds,0.0,0.0
342,Xihua,CN,33.78,114.52,96.49,44,20,4.23,few clouds,0.0,0.0
343,Bonfim,BR,3.08,-59.95,75.72,89,69,0.74,light rain,0.0,0.0
344,Cururupu,BR,-1.83,-44.87,73.76,97,57,2.57,moderate rain,0.0,0.0
345,Belmonte,BR,-15.86,-38.88,71.6,88,75,4.7,broken clouds,0.0,0.0
346,Zelenoborskiy,RU,66.84,32.36,52.77,89,97,12.84,overcast clouds,0.0,0.0
347,Nouadhibou,MR,20.93,-17.03,71.6,88,0,6.93,clear sky,0.0,0.0
348,Suoyarvi,RU,62.08,32.35,54.91,74,33,6.58,scattered clouds,0.0,0.0
349,Pauini,BR,-7.71,-66.98,74.53,85,59,0.38,broken clouds,0.0,0.0
350,Itoman,JP,26.12,127.67,87.8,79,75,13.87,broken clouds,0.0,0.0
351,Almeirim,BR,-1.52,-52.58,75.96,83,31,5.37,scattered clouds,0.0,0.0
352,Alyangula,AU,-13.85,136.42,82.4,42,0,12.75,clear sky,0.0,0.0
353,Pontianak,ID,-0.03,109.33,75.9,92,100,9.28,light rain,0.0,0.0
354,Tuktoyaktuk,CA,69.45,-133.04,42.8,87,75,9.17,broken clouds,0.0,0.0
355,Esna,EG,25.29,32.55,84.2,28,51,8.34,broken clouds,0.0,0.0
356,Lahaina,US,20.88,-156.68,82.0,61,40,17.22,light intensity drizzle,0.0,0.0
357,Ruteng,ID,-8.61,120.47,74.05,69,30,2.3,scattered clouds,0.0,0.0
358,Port Macquarie,AU,-31.43,152.92,63.0,62,3,4.0,clear sky,0.0,0.0
359,Baracoa,CU,20.35,-74.5,80.04,84,26,7.81,light rain,0.0,0.0
360,Longyearbyen,SJ,78.22,15.64,51.8,71,75,19.46,light rain,0.0,0.0
361,Beringovskiy,RU,63.05,179.32,48.96,78,100,2.82,overcast clouds,0.0,0.0
362,Ayacucho,PE,-13.16,-74.22,52.66,74,100,1.19,overcast clouds,0.0,0.0
363,San Jose,US,37.34,-121.89,69.8,43,20,12.75,few clouds,0.0,0.0
364,Talcahuano,CL,-36.72,-73.12,39.2,93,13,4.7,mist,0.0,0.0
365,Abu Dhabi,AE,24.47,54.37,90.0,55,46,5.01,scattered clouds,0.0,0.0
366,Evensk,RU,61.95,159.23,54.93,74,59,14.5,broken clouds,0.0,0.0
367,Wenling,CN,28.37,121.36,81.0,59,100,10.76,overcast clouds,0.0,0.0
368,Jaguaribe,BR,-5.89,-38.62,73.72,89,100,3.87,light rain,0.0,0.0
369,Kartaly,RU,53.05,60.65,69.89,76,100,4.52,overcast clouds,0.0,0.0
370,Solnechnyy,RU,50.72,136.63,54.45,93,100,4.88,light rain,0.0,0.0
371,Bukama,CD,-9.2,25.85,56.82,45,30,2.84,scattered clouds,0.0,0.0
372,Brest,BY,52.1,23.7,59.0,93,75,8.95,mist,0.0,0.0
373,Necochea,AR,-38.55,-58.74,39.99,92,75,2.55,broken clouds,0.0,0.0
374,Dinard,FR,48.63,-2.06,52.0,93,75,4.7,broken clouds,0.0,0.0
375,Olafsvik,IS,64.89,-23.71,51.15,71,95,7.67,overcast clouds,0.0,0.0
376,Lons,FR,43.32,-0.4,57.2,87,20,2.24,few clouds,0.0,0.0
377,Valle De Allende,MX,26.93,-105.4,79.0,41,51,6.89,light rain,0.0,0.0
378,Aros,NO,59.7,10.51,48.99,1,94,3.0,overcast clouds,0.0,0.0
379,Mina,MX,26.0,-100.53,93.2,36,5,9.17,clear sky,0.0,0.0
380,Penzance,GB,50.12,-5.54,55.0,93,0,9.17,clear sky,0.0,0.0
381,Cacapava Do Sul,BR,-30.51,-53.49,41.67,98,100,8.48,overcast clouds,0.0,0.0
382,Lorengau,PG,-2.02,147.27,85.3,72,40,12.03,scattered clouds,0.0,0.0
383,Kudahuvadhoo,MV,2.67,72.89,84.07,72,100,10.76,overcast clouds,0.0,0.0
384,Muroto,JP,33.28,134.15,77.0,100,75,4.7,light intensity shower rain,0.0,0.0
385,Pontes E Lacerda,BR,-15.23,-59.34,73.38,58,14,2.77,few clouds,0.0,0.0
386,Ahipara,NZ,-35.17,173.17,57.7,68,29,15.82,light rain,0.0,0.0
387,Goderich,CA,43.75,-81.72,73.99,71,0,9.75,clear sky,0.0,0.0
388,Kemise,ET,10.72,39.87,68.56,49,40,4.9,scattered clouds,0.0,0.0
389,Rundu,NA,-17.93,19.77,41.0,56,0,2.24,clear sky,0.0,0.0
390,Iqaluit,CA,63.75,-68.51,50.0,61,75,2.24,broken clouds,0.0,0.0
391,Portland,US,45.52,-122.68,64.99,63,90,11.41,overcast clouds,0.0,0.0
392,Vanimo,PG,-2.67,141.3,83.14,70,99,4.79,overcast clouds,0.0,0.0
393,Gurupa,BR,-1.41,-51.64,73.17,96,10,4.27,clear sky,0.0,0.0
394,Sibolga,ID,1.74,98.78,85.64,60,99,1.86,light rain,0.0,0.0
395,Artigas,UY,-30.4,-56.47,46.26,79,91,15.32,overcast clouds,0.0,0.0
396,The Valley,AI,18.22,-63.06,84.2,74,20,18.34,few clouds,0.0,0.0
397,Portachuelo,BO,-17.35,-63.4,62.6,72,75,6.93,broken clouds,0.0,0.0
398,Ampanihy,MG,-24.7,44.75,59.31,94,26,9.04,scattered clouds,0.0,0.0
399,Christchurch,NZ,-43.53,172.63,52.0,66,84,4.7,broken clouds,0.0,0.0
400,Flinders,AU,-34.58,150.86,63.0,62,0,5.99,clear sky,0.0,0.0
401,Taltal,CL,-25.4,-70.48,53.19,79,28,4.38,scattered clouds,0.0,0.0
402,Kota Belud,MY,6.35,116.43,87.8,79,20,4.7,few clouds,0.0,0.0
403,Xichang,CN,27.9,102.26,75.38,74,100,3.33,light rain,0.0,0.0
404,Rio Cuarto,AR,-33.13,-64.35,37.4,59,98,5.82,overcast clouds,0.0,0.0
405,Rovaniemi,FI,66.5,25.72,50.0,100,90,8.05,overcast clouds,0.0,0.0
406,Ambon,ID,-3.7,128.18,81.0,13,34,18.75,scattered clouds,0.0,0.0
407,Kenai,US,60.55,-151.26,57.2,82,75,10.29,broken clouds,0.0,0.0
408,Yanam,IN,16.73,82.22,84.2,83,75,4.7,mist,0.0,0.0
409,Turayf,SA,31.67,38.66,71.6,73,0,9.17,clear sky,0.0,0.0
410,Guarapari,BR,-20.67,-40.5,68.0,93,0,2.24,clear sky,0.0,0.0
411,Sapa,PH,5.15,120.32,84.07,68,91,7.23,light rain,0.0,0.0
412,Kahului,US,20.89,-156.47,84.2,51,40,21.92,scattered clouds,0.0,0.0
413,Punta Alta,AR,-38.88,-62.07,40.57,78,47,4.16,scattered clouds,0.0,0.0
414,Akropong,GH,5.97,-0.09,77.0,88,90,10.29,overcast clouds,0.0,0.0
415,Sitka,US,57.05,-135.33,57.2,76,75,9.17,broken clouds,0.0,0.0
416,Elizabeth City,US,36.29,-76.25,81.0,83,1,4.7,clear sky,0.0,0.0
417,Leh,IN,34.17,77.58,56.88,37,0,4.43,clear sky,0.0,0.0
418,Ugoofaaru,MV,5.67,73.0,83.08,71,100,6.69,overcast clouds,0.0,0.0
419,Zeya,RU,53.75,127.27,76.24,35,0,7.09,clear sky,0.0,0.0
420,Kisesa,TZ,-3.08,34.15,61.5,69,38,8.79,scattered clouds,0.0,0.0
421,Farafangana,MG,-22.82,47.83,68.02,80,81,2.75,broken clouds,0.0,0.0
422,Baiyin,CN,36.56,104.21,75.2,27,68,4.47,broken clouds,0.0,0.0
423,Markova,UA,48.68,24.41,54.48,93,94,9.78,light rain,0.0,0.0
424,Kruisfontein,ZA,-34.0,24.73,53.98,79,29,12.64,scattered clouds,0.0,0.0
425,Olinda,BR,-8.01,-34.86,73.4,88,75,4.7,light rain,0.0,0.0
426,Ust-Kuyga,RU,70.02,135.6,48.67,80,100,5.77,light rain,0.0,0.0
427,Marzuq,YE,14.4,46.47,76.21,63,99,5.06,overcast clouds,0.0,0.0
428,Saskylakh,RU,71.92,114.08,57.97,51,27,12.35,scattered clouds,0.0,0.0
429,Yining,CN,29.04,114.56,84.09,82,100,1.16,light rain,0.0,0.0
430,Richards Bay,ZA,-28.78,32.04,61.83,36,0,9.51,clear sky,0.0,0.0
431,Hermosillo,MX,29.07,-110.97,96.8,37,40,14.99,scattered clouds,0.0,0.0
432,Barcelos,PT,41.54,-8.62,72.0,88,0,2.24,clear sky,0.0,0.0
433,Khasan,RU,42.43,130.64,65.86,96,100,5.28,moderate rain,0.0,0.0
434,Maun,BW,-19.98,23.42,39.2,64,0,1.12,clear sky,0.0,0.0
435,Brae,GB,60.4,-1.35,48.2,76,84,19.46,light rain,0.0,0.0
436,Honiara,SB,-9.43,159.95,89.6,66,20,13.87,few clouds,0.0,0.0
437,Copiapo,CL,-27.37,-70.33,53.6,71,53,6.93,broken clouds,0.0,0.0
438,Sistranda,NO,63.73,8.83,51.8,76,40,11.41,scattered clouds,0.0,0.0
439,Doka,SD,13.52,35.77,68.86,90,100,14.09,light rain,0.0,0.0
440,Ancud,CL,-41.87,-73.82,37.0,82,87,3.36,overcast clouds,0.0,0.0
441,Racale,IT,39.96,18.09,68.0,94,5,6.93,clear sky,0.0,0.0
442,Amapa,BR,1.0,-52.0,71.26,98,100,1.95,light rain,0.0,0.0
443,Weener,DE,53.17,7.35,52.0,90,4,7.83,clear sky,0.0,0.0
444,Santa Fe,AR,-31.63,-60.7,50.0,73,66,4.0,broken clouds,0.0,0.0
445,Sambava,MG,-14.27,50.17,71.49,92,100,13.98,moderate rain,0.0,0.0
446,Lao Cai,VN,22.48,103.95,89.82,59,100,2.71,light rain,0.0,0.0
447,Dongzhen,CN,22.38,110.94,88.47,65,100,14.2,overcast clouds,0.0,0.0
448,Butembo,CD,0.15,29.28,57.63,100,91,1.05,overcast clouds,0.0,0.0
449,Raglan,NZ,-37.8,174.88,57.0,96,98,15.01,light rain,0.0,0.0
450,Moose Factory,CA,51.26,-80.61,71.6,88,20,4.7,few clouds,0.0,0.0
451,Kamaishi,JP,39.27,141.88,77.0,83,75,4.7,light intensity shower rain,0.0,0.0
452,Lieksa,FI,63.32,30.02,55.42,77,0,14.76,clear sky,0.0,0.0
453,Bambanglipuro,ID,-7.95,110.28,82.76,70,55,14.45,broken clouds,0.0,0.0
454,Ilo,PE,-17.64,-71.34,59.25,78,36,3.96,scattered clouds,0.0,0.0
455,Steinbach,DE,50.17,8.57,57.99,93,20,3.36,few clouds,0.0,0.0
456,Wichita Falls,US,33.91,-98.49,78.8,83,1,7.81,clear sky,0.0,0.0
457,Khonsa,IN,27.02,95.57,76.98,90,99,0.83,light rain,0.0,0.0
458,Cidreira,BR,-30.18,-50.21,56.55,77,100,9.17,light rain,0.0,0.0
459,Arman,RU,59.7,150.17,61.12,51,57,7.74,broken clouds,0.0,0.0
460,Houma,US,29.6,-90.72,78.01,94,1,4.54,clear sky,0.0,0.0
461,Gizo,SB,-8.1,156.84,83.41,74,83,7.65,moderate rain,0.0,0.0
462,Riyadh,SA,24.69,46.72,87.8,15,0,6.93,clear sky,0.0,0.0
463,Severo-Yeniseyskiy,RU,60.37,93.04,64.2,71,96,4.81,light rain,0.0,0.0
464,Marsh Harbour,BS,26.54,-77.06,83.86,73,99,7.16,overcast clouds,0.0,0.0
465,Fairbanks,US,64.84,-147.72,73.99,46,90,6.67,overcast clouds,0.0,0.0
466,Manicore,BR,-5.81,-61.3,73.4,100,6,1.12,clear sky,0.0,0.0
467,Fayaoue,NC,-20.65,166.53,71.4,68,100,15.03,overcast clouds,0.0,0.0
468,Saint-Georges,GD,12.06,-61.75,80.6,88,75,6.93,broken clouds,0.0,0.0
469,Kieta,PG,-6.22,155.63,84.15,69,89,5.44,light rain,0.0,0.0
470,Wanning,CN,18.8,110.4,88.02,71,48,14.58,scattered clouds,0.0,0.0
471,Tarko-Sale,RU,64.92,77.78,73.0,63,0,8.55,clear sky,0.0,0.0
472,Abu Kamal,SY,34.45,40.92,81.48,39,0,5.37,clear sky,0.0,0.0
473,Cap Malheureux,MU,-19.98,57.61,73.0,91,100,1.99,overcast clouds,0.0,0.0
474,Manzanillo,CU,20.34,-77.12,79.3,83,96,5.86,overcast clouds,0.0,0.0
475,Coahuayana,MX,18.73,-103.68,79.66,80,93,1.34,light rain,0.0,0.0
476,Shenjiamen,CN,29.96,122.3,78.37,91,100,4.36,light rain,0.0,0.0
477,Leshukonskoye,RU,64.9,45.76,64.92,57,31,8.57,scattered clouds,0.0,0.0
478,Katangli,RU,51.71,143.23,57.96,83,95,10.22,overcast clouds,0.0,0.0
479,Along,IN,28.17,94.77,81.46,80,91,1.43,light rain,0.0,0.0
480,La Mana,EC,-0.93,-79.22,73.35,85,96,1.03,light rain,0.0,0.0
481,Maragogi,BR,-9.01,-35.22,72.73,84,3,4.52,clear sky,0.0,0.0
482,Dasoguz,TM,41.84,59.97,82.4,34,0,6.93,clear sky,0.0,0.0
483,Mackay,AU,-21.15,149.2,69.8,68,90,14.99,overcast clouds,0.0,0.0
484,Fengrun,CN,39.83,118.12,89.13,21,0,9.73,clear sky,0.0,0.0
485,Berlevag,NO,70.86,29.09,46.4,87,90,13.87,overcast clouds,0.0,0.0
486,Grenville,GD,12.12,-61.62,80.6,88,75,6.93,broken clouds,0.0,0.0
487,Waipawa,NZ,-41.41,175.52,55.4,58,3,6.93,clear sky,0.0,0.0
488,Banjar,ID,-8.19,114.97,82.4,94,40,17.22,scattered clouds,0.0,0.0
489,Sarahan,IN,31.52,77.8,70.23,51,14,3.67,few clouds,0.0,0.0
490,Manokwari,ID,-0.87,134.08,77.09,84,99,2.55,light rain,0.0,0.0
491,Altamont,US,42.21,-121.74,69.8,40,1,14.99,clear sky,0.0,0.0
492,Porto Walter,BR,-8.27,-72.74,72.57,93,12,1.63,few clouds,0.0,0.0
493,Sao Felix Do Xingu,BR,-6.64,-51.99,70.57,74,3,1.81,clear sky,0.0,0.0
494,Naspur,IN,18.83,79.45,81.14,78,100,7.11,light rain,0.0,0.0
495,Petauke,ZM,-14.24,31.33,55.4,70,0,8.12,clear sky,0.0,0.0
496,Sangar,RU,63.92,127.47,66.09,36,10,5.28,clear sky,0.0,0.0
497,Loubomo,CG,-4.2,12.67,66.06,96,27,2.57,scattered clouds,0.0,0.0
498,Gashua,NG,12.87,11.05,82.85,55,73,8.79,broken clouds,0.0,0.0
499,Sabang,ID,5.89,95.32,83.66,67,98,0.81,light rain,0.0,0.0
500,Malanje,AO,-9.54,16.34,52.07,43,7,4.61,clear sky,0.0,0.0
501,Calama,CL,-22.47,-68.93,44.6,36,0,19.46,clear sky,0.0,0.0
502,Bundaberg,AU,-24.85,152.35,71.6,49,75,14.99,broken clouds,0.0,0.0
503,Nome,US,64.5,-165.41,50.0,81,90,16.11,overcast clouds,0.0,0.0
504,Sakakah,SA,29.97,40.21,80.6,42,0,13.87,clear sky,0.0,0.0
505,Diffa,NE,13.32,12.61,83.91,55,65,13.0,broken clouds,0.0,0.0
506,Ismailia,EG,30.6,32.27,71.62,78,0,5.55,clear sky,0.0,0.0
507,Upata,VE,8.01,-62.4,73.09,91,97,4.18,overcast clouds,0.0,0.0
508,Seoul,KR,37.57,126.98,77.0,69,90,7.96,overcast clouds,0.0,0.0
509,Praya,CV,14.92,-23.51,77.0,78,20,4.7,few clouds,0.0,0.0
510,Kayes,ML,14.0,-11.0,85.15,55,40,3.22,scattered clouds,0.0,0.0
511,Kampot,KH,10.62,104.18,78.8,88,40,5.82,scattered clouds,0.0,0.0
512,Sydney,AU,-33.87,151.21,63.0,55,75,8.05,broken clouds,0.0,0.0
513,Fare,PF,-16.7,-151.02,79.54,74,43,8.48,scattered clouds,0.0,0.0
514,Ferrol,ES,43.48,-8.24,63.0,82,1,2.24,clear sky,0.0,0.0
515,Moron,AR,-34.65,-58.62,45.0,95,55,5.03,broken clouds,0.0,0.0
516,Agdas,AZ,40.65,47.48,75.2,43,0,3.2,clear sky,0.0,0.0
517,Gumdag,TM,39.21,54.59,87.08,17,0,10.25,clear sky,0.0,0.0
518,Suluq,LY,31.67,20.25,71.31,84,0,8.84,clear sky,0.0,0.0
519,Senanga,ZM,-16.12,23.27,45.59,56,0,3.8,clear sky,0.0,0.0
520,Pacific Grove,US,36.62,-121.92,61.0,67,40,8.05,scattered clouds,0.0,0.0
521,Longonjo,AO,-12.91,15.25,47.23,50,56,3.27,broken clouds,0.0,0.0
522,La Palma,US,33.85,-118.05,82.4,42,1,5.82,clear sky,0.0,0.0
523,Romanovka,RU,51.74,42.75,71.26,69,1,7.09,clear sky,0.0,0.0
524,Halmstad,SE,56.67,12.86,55.99,66,61,19.46,broken clouds,0.0,0.0
525,Flin Flon,CA,54.77,-101.86,64.09,54,29,7.34,scattered clouds,0.0,0.0
526,Lima,PE,-12.04,-77.03,62.6,77,90,8.05,overcast clouds,0.0,0.0
527,Walvis Bay,NA,-22.96,14.51,53.01,100,0,8.05,clear sky,0.0,0.0
528,Ilulissat,GL,69.22,-51.1,51.8,50,100,21.92,overcast clouds,0.0,0.0
529,Coatzintla,MX,20.48,-97.45,77.74,91,89,6.51,moderate rain,0.0,0.0
530,Dongfeng,CN,42.64,125.51,67.26,82,95,7.11,overcast clouds,0.0,0.0
531,Ucluelet,CA,48.93,-125.55,60.01,79,86,5.35,overcast clouds,0.0,0.0
532,Oksfjord,NO,70.24,22.35,50.0,81,100,4.7,light rain,0.0,0.0
533,Bara,NG,10.37,10.73,73.63,88,69,6.44,broken clouds,0.0,0.0
534,Netarhat,IN,23.48,84.27,76.23,83,100,3.91,overcast clouds,0.0,0.0
535,Nantucket,US,41.28,-70.1,63.0,93,75,5.82,broken clouds,0.0,0.0
536,Vizinga,RU,61.07,50.1,72.18,72,0,3.76,clear sky,0.0,0.0
537,Nuuk,GL,64.18,-51.72,42.8,87,75,32.21,shower rain,0.0,0.0
538,Petropavlovsk-Kamchatskiy,RU,53.05,158.65,75.2,60,18,13.42,few clouds,0.0,0.0
539,Kapoeta,SS,4.77,33.59,72.19,79,41,0.94,light rain,0.0,0.0
540,Qandala,SO,11.47,49.87,88.29,50,12,10.33,few clouds,0.0,0.0
541,Rafai,CF,4.95,23.92,67.95,97,100,1.54,overcast clouds,0.0,0.0
542,Queimadas,BR,-10.98,-39.63,62.53,94,0,4.97,clear sky,0.0,0.0
543,Andenes,NO,69.31,16.12,48.2,93,100,11.41,overcast clouds,0.0,0.0
544,Vallenar,CL,-28.57,-70.76,52.03,74,100,6.8,overcast clouds,0.0,0.0
545,Bac Lieu,VN,9.29,105.72,85.8,67,59,8.01,broken clouds,0.0,0.0
546,Sur,OM,22.57,59.53,92.26,56,74,4.61,broken clouds,0.0,0.0
547,Tilichiki,RU,60.47,166.1,55.4,70,93,8.41,overcast clouds,0.0,0.0
548,Raga,SS,8.46,25.68,69.91,89,100,4.81,overcast clouds,0.0,0.0
549,Vostok,RU,46.49,135.88,78.08,43,65,5.39,broken clouds,0.0,0.0
550,Ust-Tarka,RU,55.57,75.7,64.89,85,100,5.59,overcast clouds,0.0,0.0
551,Yerbogachen,RU,61.28,108.01,55.99,90,100,7.99,overcast clouds,0.0,0.0
552,Fort Nelson,CA,58.81,-122.7,69.8,52,75,10.29,broken clouds,0.0,0.0
553,Hare Bay,CA,48.85,-54.01,48.2,93,20,6.93,few clouds,0.0,0.0
554,Igarka,RU,67.47,86.58,60.87,71,94,7.54,overcast clouds,0.0,0.0
555,Casa Nova,BR,-9.42,-41.13,71.6,73,0,6.93,clear sky,0.0,0.0
556,Cubara,CO,7.0,-72.11,74.26,68,99,1.57,overcast clouds,0.0,0.0
557,Ereymentau,KZ,51.62,73.1,68.9,60,40,6.02,scattered clouds,0.0,0.0
558,Ati,TD,13.22,18.34,81.72,55,66,12.01,broken clouds,0.0,0.0
559,Nurota,UZ,40.56,65.69,77.0,33,0,9.17,clear sky,0.0,0.0
560,Taicheng,CN,38.73,113.23,82.13,40,0,6.78,clear sky,0.0,0.0
561,Berlin,DE,52.52,13.41,55.0,87,0,9.17,clear sky,0.0,0.0
562,Sabha,LY,27.04,14.43,72.93,39,0,9.28,clear sky,0.0,0.0
563,Kaliganj,BD,23.41,89.14,87.8,76,67,11.5,broken clouds,0.0,0.0
564,Suez,EG,29.97,32.53,70.32,74,0,0.2,clear sky,0.0,0.0
565,Port-Gentil,GA,-0.72,8.78,73.9,85,100,12.48,overcast clouds,0.0,0.0
566,Torrington,US,41.8,-73.12,68.0,91,74,1.99,broken clouds,0.0,0.0
567,Castro-Urdiales,ES,43.38,-3.22,61.0,87,75,2.24,broken clouds,0.0,0.0
568,Cobija,BO,-11.03,-68.77,78.8,66,93,1.72,overcast clouds,0.0,0.0
569,Tazovskiy,RU,67.47,78.7,56.26,76,1,12.71,clear sky,0.0,0.0
570,Ballitoville,ZA,-29.54,31.21,48.2,87,0,2.24,clear sky,0.0,0.0
571,Batagay,RU,67.63,134.63,65.37,41,54,4.72,broken clouds,0.0,0.0
572,Yenagoa,NG,4.92,6.26,74.34,93,99,6.2,overcast clouds,0.0,0.0
573,Buala,SB,-8.14,159.59,85.01,68,34,6.62,scattered clouds,0.0,0.0
574,Clearwater,US,27.97,-82.8,84.0,78,40,4.7,scattered clouds,0.0,0.0
575,Ust-Nera,RU,64.57,143.2,64.54,45,88,2.35,moderate rain,0.0,0.0
576,Kiama,AU,-34.68,150.87,63.0,59,0,5.01,clear sky,0.0,0.0
577,Lata,PT,40.16,-8.33,66.99,97,0,1.39,clear sky,0.0,0.0
578,Seinajoki,FI,62.79,22.83,52.0,93,75,8.05,light rain,0.0,0.0
579,North Bend,US,43.41,-124.22,61.0,77,90,5.82,overcast clouds,0.0,0.0
580,Cascais,PT,38.7,-9.42,70.0,68,0,5.82,clear sky,0.0,0.0
581,Kimberley,ZA,-28.73,24.76,39.2,44,0,6.93,clear sky,0.0,0.0
582,Casablanca,MA,33.59,-7.62,80.01,64,0,2.24,clear sky,0.0,0.0
